year,ipca_correction_factor
2011,2.26781
2012,2.142707
2013,2.023123
2014,1.901296
2015,1.717932
2016,1.616298
2017,1.570024
2018,1.513342
2019,1.450867
2020,1.38816
2021,1.261263
2022,1.192291
2023,1.139628
2024,1.087106
2025,1.042644
2026,1.0
